{
  "train_loss": [
    1.8678014250871766,
    1.253932403729519,
    1.050603191418048,
    0.9154411935115586,
    0.8040210414400545,
    0.708387183790728,
    0.6349369263430414,
    0.5746382678119001,
    0.3414184095258891,
    0.2683872159407346
  ],
  "train_acc": [
    0.5321158782544921,
    0.6723432343234323,
    0.7193546021268794,
    0.7503337000366703,
    0.7774404107077374,
    0.8015108177484415,
    0.8201540154015402,
    0.834954162082875,
    0.8985551888522185,
    0.9168170150348368
  ],
  "val_loss": [
    1.3030701751048022,
    1.2037243566733382,
    1.1684026571941062,
    1.1383812532959992,
    1.0733494501774854,
    1.1188887301766046,
    1.1630898853811886,
    1.118494275253598,
    1.0794415089792937,
    1.159133344294608
  ],
  "val_acc": [
    0.6667986798679868,
    0.695049504950495,
    0.712079207920792,
    0.7209240924092409,
    0.7362376237623762,
    0.7345214521452145,
    0.7324092409240924,
    0.7454785478547855,
    0.768976897689769,
    0.7693729372937294
  ]
}