{
  "train_loss": [
    2.6808417486191494,
    2.2670091245058126,
    2.179756743295052,
    2.1215809515032262,
    2.08936806097195,
    2.0550560278415158,
    2.0265564877951063,
    1.9895682096428866,
    1.9713305327286421,
    1.7674392141647115,
    1.735454553179921,
    1.7236877613903447,
    1.7147975803951576,
    1.704246266913755,
    1.6996142212235101,
    1.6805622052307045,
    1.6764449347687327,
    1.6702350039319498,
    1.6622779083286925,
    1.6543607914696956
  ],
  "train_acc": [
    0.36705537220388706,
    0.44846351301796844,
    0.4707004033736707,
    0.4833736707004034,
    0.4901356802346901,
    0.49686835350201686,
    0.5026035936927026,
    0.5098203153648698,
    0.5179171250458379,
    0.5545141180784745,
    0.5569636963696369,
    0.5602640264026403,
    0.5600733406674001,
    0.5641657499083241,
    0.5651631829849652,
    0.568052805280528,
    0.5678767876787679,
    0.56995966263293,
    0.5738907224055739,
    0.5768536853685369
  ],
  "val_loss": [
    2.245410805031805,
    2.092398657405337,
    1.9854984669008664,
    2.0612969424622287,
    2.0167067501647242,
    1.9688469826663682,
    2.0272428042345707,
    2.0617023769857075,
    2.0878253754845546,
    1.8435812707781398,
    1.7869120823825546,
    1.7816244050142396,
    1.7947077049595295,
    1.7905607083764408,
    1.7642927940607858,
    1.799949729529151,
    1.7801037998640103,
    1.7574274285949103,
    1.799898840240126,
    1.7714320197908004
  ],
  "val_acc": [
    0.4667986798679868,
    0.49254125412541255,
    0.5206600660066006,
    0.5046864686468647,
    0.5202640264026402,
    0.530957095709571,
    0.5168316831683168,
    0.516963696369637,
    0.5178877887788779,
    0.5493069306930694,
    0.5631683168316831,
    0.5652805280528053,
    0.5540594059405941,
    0.5528712871287129,
    0.5693729372937294,
    0.5540594059405941,
    0.5625082508250825,
    0.5618481848184819,
    0.5551155115511551,
    0.5666006600660066
  ]
}