{
  "experiment1": {
    "CNN (ResNet-50)": {
      "top1_accuracy": 0.8285148514851485,
      "top5_accuracy": 0.9578217821782178,
      "macro_precision": 0.8325925391982726,
      "macro_recall": 0.8285148514851486,
      "macro_f1": 0.8287853518924109
    },
    "SVM (HOG+Color+PCA)": {
      "top1_accuracy": 0.13885148514851486,
      "top5_accuracy": 0.3483960396039604,
      "macro_precision": 0.12430034351107148,
      "macro_recall": 0.13885148514851486,
      "macro_f1": 0.12702762965537948
    },
    "Random Forest": {
      "top1_accuracy": 0.05536633663366337,
      "top5_accuracy": 0.16491089108910892,
      "macro_precision": 0.0470130806690293,
      "macro_recall": 0.05536633663366336,
      "macro_f1": 0.048304126886879434
    }
  },
  "experiment2": {
    "CNN (head_only)": {
      "top1_accuracy": 0.6128712871287129,
      "top5_accuracy": 0.8512871287128713,
      "macro_precision": 0.6472109288686865,
      "macro_recall": 0.612871287128713,
      "macro_f1": 0.6094789004182556
    },
    "CNN (two_blocks)": {
      "top1_accuracy": 0.8182574257425742,
      "top5_accuracy": 0.9566336633663366,
      "macro_precision": 0.8253915185560121,
      "macro_recall": 0.8182574257425743,
      "macro_f1": 0.8183318993411699
    }
  },
  "experiment3": {
    "SVM [HOG_only]": {
      "top1_accuracy": 0.11053465346534654,
      "top5_accuracy": 0.2954059405940594,
      "macro_precision": 0.09513318072194318,
      "macro_recall": 0.11053465346534651,
      "macro_f1": 0.0981168886603049
    },
    "RF [HOG_only]": {
      "top1_accuracy": 0.05192079207920792,
      "top5_accuracy": 0.15607920792079208,
      "macro_precision": 0.04353741953309857,
      "macro_recall": 0.05192079207920792,
      "macro_f1": 0.04454970280165469
    },
    "SVM [HOG_plus_Color]": {
      "top1_accuracy": 0.13885148514851486,
      "top5_accuracy": 0.3483960396039604,
      "macro_precision": 0.12430034351107148,
      "macro_recall": 0.13885148514851486,
      "macro_f1": 0.12702762965537948
    },
    "RF [HOG_plus_Color]": {
      "top1_accuracy": 0.05536633663366337,
      "top5_accuracy": 0.16491089108910892,
      "macro_precision": 0.0470130806690293,
      "macro_recall": 0.05536633663366336,
      "macro_f1": 0.048304126886879434
    }
  },
  "experiment4": {
    "top1_accuracy": 0.8285148514851485,
    "top5_accuracy": 0.9578217821782178,
    "macro_precision": 0.8325925391982726,
    "macro_recall": 0.8285148514851486,
    "macro_f1": 0.8287853518924109,
    "calorie_mae_kcal": 26.440078735351562,
    "calorie_accuracy_pct": 96.64158415841584,
    "tolerance_kcal": 50.0
  }
}