{
  "train_loss": [
    1.8729864219068213,
    1.2593679936289743,
    1.0510909345642219,
    0.9080251763808583,
    0.8007014327526617,
    0.7095802471901761,
    0.6308462995419714,
    0.38689464104713256,
    0.3118277192482985,
    0.2712755695471713,
    0.238299856400551,
    0.1453587205907474,
    0.11929948222442648
  ],
  "train_acc": [
    0.5313091309130913,
    0.6705243857719105,
    0.7193546021268794,
    0.7533846718005134,
    0.7792005867253392,
    0.8007040704070407,
    0.821048771543821,
    0.8875247524752475,
    0.9048918225155849,
    0.9164356435643565,
    0.9251631829849651,
    0.9552035203520352,
    0.9628456178951228
  ],
  "val_loss": [
    1.3408702992448713,
    1.1770168021173761,
    1.151694553645924,
    1.0820271792191483,
    1.0919137399424814,
    1.1487599401505473,
    1.1172285175480858,
    1.0419670581502882,
    1.097384963240167,
    1.1485798801683356,
    1.234866805312657,
    1.1480503886131563,
    1.1968544446045022
  ],
  "val_acc": [
    0.6566336633663367,
    0.7034983498349835,
    0.7124752475247524,
    0.7306930693069307,
    0.7346534653465346,
    0.7321452145214521,
    0.7433663366336634,
    0.765016501650165,
    0.7662046204620462,
    0.7648844884488449,
    0.7643564356435644,
    0.7763696369636963,
    0.7730693069306931
  ]
}